{
	"credit": "Made with Blockbench",
	"textures": {
		"0": "block/creaking_heart_awake",
		"1": "block/creaking_heart_top_awake",
		"2": "block/creaking_heart_awake_emissive",
		"particle": "block/creaking_heart_awake"
	},
	"elements": [
		{
			"from": [0, 0, 0],
			"to": [16, 16, 16],
			"faces": {
				"north": {"uv": [0, 0, 16, 16], "texture": "#0"},
				"east": {"uv": [0, 0, 16, 16], "texture": "#0"},
				"south": {"uv": [0, 0, 16, 16], "texture": "#0"},
				"west": {"uv": [0, 0, 16, 16], "texture": "#0"},
				"up": {"uv": [0, 0, 16, 16], "texture": "#1"},
				"down": {"uv": [0, 0, 16, 16], "texture": "#1"}
			}
		},
		{
			"from": [7, 4, -0.01],
			"to": [9, 5, 16.01],
			"light_emission": 14,
			"rotation": {"angle": 0, "axis": "y", "origin": [7, 5, 0]},
			"faces": {
				"north": {"uv": [7, 11, 9, 12], "texture": "#2"},
				"south": {"uv": [7, 11, 9, 12], "texture": "#2"}
			}
		},
		{
			"from": [4, 11, -0.01],
			"to": [7, 12, 16.01],
			"light_emission": 14,
			"rotation": {"angle": 0, "axis": "y", "origin": [2, 12, 0]},
			"faces": {
				"north": {"uv": [9, 4, 12, 5], "texture": "#2"},
				"south": {"uv": [9, 4, 12, 5], "texture": "#2"}
			}
		},
		{
			"from": [3, 8, -0.01],
			"to": [13, 11, 16.01],
			"light_emission": 14,
			"rotation": {"angle": 0, "axis": "y", "origin": [7, 9, 0]},
			"faces": {
				"north": {"uv": [3, 5, 13, 8], "texture": "#2"},
				"south": {"uv": [3, 5, 13, 8], "texture": "#2"}
			}
		},
		{
			"from": [4, 7, -0.01],
			"to": [12, 8, 16.01],
			"light_emission": 14,
			"rotation": {"angle": 0, "axis": "y", "origin": [7, 8, 0]},
			"faces": {
				"north": {"uv": [4, 8, 12, 9], "texture": "#2"},
				"south": {"uv": [4, 8, 12, 9], "texture": "#2"}
			}
		},
		{
			"from": [6, 5, -0.01],
			"to": [10, 6, 16.01],
			"light_emission": 14,
			"rotation": {"angle": 0, "axis": "y", "origin": [7, 6, 0]},
			"faces": {
				"north": {"uv": [6, 10, 10, 11], "texture": "#2"},
				"south": {"uv": [6, 10, 10, 11], "texture": "#2"}
			}
		},
		{
			"from": [5, 6, -0.01],
			"to": [11, 7, 16.01],
			"light_emission": 14,
			"rotation": {"angle": 0, "axis": "y", "origin": [7, 7, 0]},
			"faces": {
				"north": {"uv": [5, 9, 11, 10], "texture": "#2"},
				"south": {"uv": [5, 9, 11, 10], "texture": "#2"}
			}
		},
		{
			"from": [9, 11, -0.01],
			"to": [12, 12, 16.01],
			"light_emission": 14,
			"rotation": {"angle": 0, "axis": "y", "origin": [7, 12, 0]},
			"faces": {
				"north": {"uv": [4, 4, 7, 5], "texture": "#2"},
				"south": {"uv": [4, 4, 7, 5], "texture": "#2"}
			}
		},
		{
			"from": [-0.01, 4, 7],
			"to": [16.01, 5, 9],
			"light_emission": 14,
			"rotation": {"angle": 0, "axis": "y", "origin": [16, 5, 7]},
			"faces": {
				"east": {"uv": [7, 11, 9, 12], "texture": "#2"},
				"west": {"uv": [7, 11, 9, 12], "texture": "#2"}
			}
		},
		{
			"from": [-0.01, 11, 9],
			"to": [16.01, 12, 12],
			"light_emission": 14,
			"rotation": {"angle": 0, "axis": "y", "origin": [16, 12, 7]},
			"faces": {
				"east": {"uv": [9, 4, 12, 5], "texture": "#2"},
				"west": {"uv": [9, 4, 12, 5], "texture": "#2"}
			}
		},
		{
			"from": [-0.01, 8, 3],
			"to": [16.01, 11, 13],
			"light_emission": 14,
			"rotation": {"angle": 0, "axis": "y", "origin": [16, 9, 7]},
			"faces": {
				"east": {"uv": [3, 5, 13, 8], "texture": "#2"},
				"west": {"uv": [3, 5, 13, 8], "texture": "#2"}
			}
		},
		{
			"from": [-0.01, 7, 4],
			"to": [16.01, 8, 12],
			"light_emission": 14,
			"rotation": {"angle": 0, "axis": "y", "origin": [16, 8, 7]},
			"faces": {
				"east": {"uv": [4, 8, 12, 9], "texture": "#2"},
				"west": {"uv": [4, 8, 12, 9], "texture": "#2"}
			}
		},
		{
			"from": [-0.01, 5, 6],
			"to": [16.01, 6, 10],
			"light_emission": 14,
			"rotation": {"angle": 0, "axis": "y", "origin": [16, 6, 7]},
			"faces": {
				"east": {"uv": [6, 10, 10, 11], "texture": "#2"},
				"west": {"uv": [6, 10, 10, 11], "texture": "#2"}
			}
		},
		{
			"from": [-0.01, 6, 5],
			"to": [16.01, 7, 11],
			"light_emission": 14,
			"rotation": {"angle": 0, "axis": "y", "origin": [16, 7, 7]},
			"faces": {
				"east": {"uv": [5, 9, 11, 10], "texture": "#2"},
				"west": {"uv": [5, 9, 11, 10], "texture": "#2"}
			}
		},
		{
			"from": [-0.01, 11, 4],
			"to": [16.01, 12, 7],
			"light_emission": 14,
			"rotation": {"angle": 0, "axis": "y", "origin": [16, 12, 2]},
			"faces": {
				"east": {"uv": [4, 4, 7, 5], "texture": "#2"},
				"west": {"uv": [4, 4, 7, 5], "texture": "#2"}
			}
		}
	],
	"groups": [
		0,
		{
			"name": "ns",
			"origin": [7, 12, 0],
			"color": 0,
			"children": [1, 2, 3, 4, 5, 6, 7]
		},
		{
			"name": "ew",
			"origin": [7, 12, 0],
			"color": 0,
			"children": [8, 9, 10, 11, 12, 13, 14]
		}
	]
}