{
	"credit": "Made with Blockbench",
	"ambientocclusion": false,
	"textures": {
		"particle": "#flowerbed"
	},
	"elements": [
		{
			"from": [0, 1, 9],
			"to": [6, 1, 16],
			"faces": {
				"up": {"uv": [0, 9, 6, 16], "texture": "#flowerbed"},
				"down": {"uv": [0, 16, 6, 9], "texture": "#flowerbed"}
			}
		},
		{
			"from": [6, 1, 9],
			"to": [9, 1, 16],
			"rotation": {"angle": 0, "axis": "y", "origin": [6, 0, 0]},
			"faces": {
				"up": {"uv": [6, 9, 9, 16], "texture": "#flowerbed"},
				"down": {"uv": [6, 16, 9, 9], "texture": "#flowerbed"}
			}
		},
		{
			"from": [0, 1, 9],
			"to": [6, 1, 16],
			"faces": {
				"up": {"uv": [0, 9, 6, 16], "texture": "#flowerbed"},
				"down": {"uv": [0, 16, 6, 9], "texture": "#flowerbed"}
			}
		},
		{
			"from": [6, 1, 9],
			"to": [9, 1, 16],
			"rotation": {"angle": 0, "axis": "y", "origin": [6, 0, 0]},
			"faces": {
				"up": {"uv": [6, 9, 9, 16], "texture": "#flowerbed"},
				"down": {"uv": [6, 16, 9, 9], "texture": "#flowerbed"}
			}
		},
		{
			"from": [8.65, 0, 6.75],
			"to": [9.65, 1, 6.75],
			"rotation": {"angle": -45, "axis": "y", "origin": [-1.5, 0, 2.5]},
			"faces": {
				"north": {"uv": [0, 6, 1, 7], "texture": "#stem", "tintindex": 1},
				"south": {"uv": [0, 6, 1, 7], "texture": "#stem", "tintindex": 1}
			}
		},
		{
			"from": [9.15, 0, 6.25],
			"to": [9.15, 1, 7.25],
			"rotation": {"angle": -45, "axis": "y", "origin": [-1.5, 0, 2.5]},
			"faces": {
				"east": {"uv": [0, 6, 1, 7], "texture": "#stem", "tintindex": 1},
				"west": {"uv": [0, 6, 1, 7], "texture": "#stem", "tintindex": 1}
			}
		},
		{
			"from": [13.65, 0, 4.75],
			"to": [13.65, 1, 5.75],
			"rotation": {"angle": -45, "axis": "y", "origin": [3, 0, 1]},
			"faces": {
				"east": {"uv": [0, 6, 1, 7], "texture": "#stem", "tintindex": 1},
				"west": {"uv": [0, 6, 1, 7], "texture": "#stem", "tintindex": 1}
			}
		},
		{
			"from": [13.15, 0, 5.25],
			"to": [14.15, 1, 5.25],
			"rotation": {"angle": -45, "axis": "y", "origin": [3, 0, 1]},
			"faces": {
				"north": {"uv": [0, 6, 1, 7], "texture": "#stem", "tintindex": 1},
				"south": {"uv": [0, 6, 1, 7], "texture": "#stem", "tintindex": 1}
			}
		}
	]
}