{
	"credit": "Made with Blockbench",
	"ambientocclusion": false,
	"textures": {
		"particle": "#flowerbed"
	},
	"elements": [
		{
			"from": [0, 2.99, 0],
			"to": [7, 2.99, 9],
			"faces": {
				"up": {"uv": [0, 0, 7, 9], "texture": "#flowerbed"},
				"down": {"uv": [0, 9, 7, 0], "texture": "#flowerbed"}
			}
		},
		{
			"from": [7, 2.99, 0],
			"to": [9, 2.99, 4],
			"faces": {
				"up": {"uv": [7, 0, 9, 4], "texture": "#flowerbed"},
				"down": {"uv": [7, 4, 9, 0], "texture": "#flowerbed"}
			}
		},
		{
			"from": [7.25, 0, -1.6],
			"to": [7.25, 2.99, -0.6],
			"rotation": {"angle": -45, "axis": "y", "origin": [3, 0, 1]},
			"faces": {
				"east": {"uv": [0, 4, 1, 7], "texture": "#stem", "tintindex": 1},
				"west": {"uv": [0, 4, 1, 7], "texture": "#stem", "tintindex": 1}
			}
		},
		{
			"from": [6.75, 0, -1.1],
			"to": [7.75, 2.99, -1.1],
			"rotation": {"angle": -45, "axis": "y", "origin": [3, 0, 1]},
			"faces": {
				"north": {"uv": [0, 4, 1, 7], "texture": "#stem", "tintindex": 1},
				"south": {"uv": [0, 4, 1, 7], "texture": "#stem", "tintindex": 1}
			}
		},
		{
			"from": [4.9, 0, -1.7],
			"to": [4.9, 2.99, -0.7],
			"rotation": {"angle": -45, "axis": "y", "origin": [0, 0, -4]},
			"faces": {
				"east": {"uv": [0, 4, 1, 7], "texture": "#stem", "tintindex": 1},
				"west": {"uv": [0, 4, 1, 7], "texture": "#stem", "tintindex": 1}
			}
		},
		{
			"from": [4.4, 0, -1.2],
			"to": [5.4, 2.99, -1.2],
			"rotation": {"angle": -45, "axis": "y", "origin": [0, 0, -4]},
			"faces": {
				"north": {"uv": [0, 4, 1, 7], "texture": "#stem", "tintindex": 1},
				"south": {"uv": [0, 4, 1, 7], "texture": "#stem", "tintindex": 1}
			}
		},
		{
			"from": [5.65, 0, -0.95],
			"to": [5.65, 2.99, 0.05],
			"rotation": {"angle": -45, "axis": "y", "origin": [-3.5, 0, -0.5]},
			"faces": {
				"east": {"uv": [0, 4, 1, 7], "texture": "#stem", "tintindex": 1},
				"west": {"uv": [0, 4, 1, 7], "texture": "#stem", "tintindex": 1}
			}
		},
		{
			"from": [5.15, 0, -0.45],
			"to": [6.15, 2.99, -0.45],
			"rotation": {"angle": -45, "axis": "y", "origin": [-3.5, 0, -0.5]},
			"faces": {
				"north": {"uv": [0, 4, 1, 7], "texture": "#stem", "tintindex": 1},
				"south": {"uv": [0, 4, 1, 7], "texture": "#stem", "tintindex": 1}
			}
		}
	]
}