{
	"credit": "Made with Blockbench",
	"ambientocclusion": false,
	"textures": {
		"particle": "#flowerbed"
	},
	"elements": [
		{
			"from": [9, 2, 7],
			"to": [16, 2, 16],
			"faces": {
				"up": {"uv": [9, 7, 16, 16], "texture": "#flowerbed"},
				"down": {"uv": [9, 16, 16, 7], "texture": "#flowerbed"}
			}
		},
		{
			"from": [17.65, 0, 0.9],
			"to": [18.65, 2, 0.9],
			"rotation": {"angle": -45, "axis": "y", "origin": [0.5, 0, -0.5]},
			"faces": {
				"north": {"uv": [0, 5, 1, 7], "texture": "#stem", "tintindex": 1},
				"south": {"uv": [0, 5, 1, 7], "texture": "#stem", "tintindex": 1}
			}
		},
		{
			"from": [18.15, 0, 0.4],
			"to": [18.15, 2, 1.4],
			"rotation": {"angle": -45, "axis": "y", "origin": [0.5, 0, -0.5]},
			"faces": {
				"east": {"uv": [0, 5, 1, 7], "texture": "#stem", "tintindex": 1},
				"west": {"uv": [0, 5, 1, 7], "texture": "#stem", "tintindex": 1}
			}
		},
		{
			"from": [16.65, 0, -5.35],
			"to": [16.65, 2, -4.35],
			"rotation": {"angle": -45, "axis": "y", "origin": [-1, 0, -2]},
			"faces": {
				"east": {"uv": [0, 5, 1, 7], "texture": "#stem", "tintindex": 1},
				"west": {"uv": [0, 5, 1, 7], "texture": "#stem", "tintindex": 1}
			}
		},
		{
			"from": [16.15, 0, -4.85],
			"to": [17.15, 2, -4.85],
			"rotation": {"angle": -45, "axis": "y", "origin": [-1, 0, -2]},
			"faces": {
				"north": {"uv": [0, 5, 1, 7], "texture": "#stem", "tintindex": 1},
				"south": {"uv": [0, 5, 1, 7], "texture": "#stem", "tintindex": 1}
			}
		}
	]
}