{
    "ambientocclusion": false,
    "textures": {
        "particle": "block/pale_oak_door_bottom"
    },
    "elements": [
        {   "from": [ 0, 0, 0 ],
            "to": [ 3, 16, 16 ],
            "faces": {
                "down":  { "uv": [ 16, 13,  0, 16 ], "texture": "#particle", "cullface": "down", "rotation": 90 },
                "north": { "uv": [  5,  0,  8, 16 ], "texture": "#particle", "cullface": "north" },
                "south": { "uv": [  5,  0,  8, 16 ], "texture": "#particle", "cullface": "south" },
                "west":  { "uv": [  0,  0, 16, 16 ], "texture": "#particle", "cullface": "west" },
                "east":  { "uv": [ 16,  0,  0, 16 ], "texture": "#particle" }
            }
        }
    ]
}
