{
	"credit": "Made with Blockbench by Kchem",
	"parent": "block/thin_block",
	"textures": {
		"particle": "block/pale_oak_trapdoor"
	},
	"elements": [
		{
			"from": [0, 0, 0],
			"to": [4, 3, 16],
			"faces": {
				"north": {"uv": [13, 12, 16, 16], "rotation": 90, "texture": "particle"},
				"east": {"uv": [3, 16, 4, 0], "rotation": 90, "texture": "#particle"},
				"south": {"uv": [0, 12, 3, 16], "rotation": 90, "texture": "#particle"},
				"west": {"uv": [13, 16, 16, 0], "rotation": 90, "texture": "#particle"},
				"up": {"uv": [0, 16, 4, 0], "texture": "#particle"},
				"down": {"uv": [0, 0, 4, 16], "texture": "#particle"}
			}
		},
		{
			"from": [12, 0, 0],
			"to": [16, 3, 16],
			"faces": {
				"north": {"uv": [13, 12, 16, 16], "rotation": 90, "texture": "#particle"},
				"east": {"uv": [13, 0, 16, 16], "rotation": 90, "texture": "#particle"},
				"south": {"uv": [0, 0, 3, 4], "rotation": 90, "texture": "#particle"},
				"west": {"uv": [12, 0, 13, 16], "rotation": 90, "texture": "#particle"},
				"up": {"uv": [12, 16, 16, 0], "texture": "#particle"},
				"down": {"uv": [12, 0, 16, 16], "texture": "#particle"}
			}
		},
		{
			"from": [4, 0, 0],
			"to": [12, 3, 2],
			"faces": {
				"north": {"uv": [13, 4, 16, 12], "rotation": 90, "texture": "#particle"},
				"south": {"uv": [4, 1, 12, 2], "texture": "#particle"},
				"up": {"uv": [4, 16, 12, 14], "texture": "#particle"},
				"down": {"uv": [4, 14, 12, 16], "texture": "#particle"}
			}
		},
		{
			"from": [4, 0, 14],
			"to": [12, 3, 16],
			"faces": {
				"north": {"uv": [4, 14, 12, 15], "texture": "#particle"},
				"south": {"uv": [0, 4, 3, 12], "rotation": 90, "texture": "#particle"},
				"up": {"uv": [4, 2, 12, 0], "texture": "#particle"},
				"down": {"uv": [4, 0, 12, 2], "texture": "#particle"}
			}
		},
		{
			"from": [7, 0, 2],
			"to": [9, 3, 14],
			"faces": {
				"east": {"uv": [8, 14, 9, 2], "rotation": 90, "texture": "#particle"},
				"west": {"uv": [7, 2, 8, 14], "rotation": 90, "texture": "#particle"},
				"up": {"uv": [7, 14, 9, 2], "texture": "#particle"},
				"down": {"uv": [7, 2, 9, 14], "texture": "#particle"}
			}
		},
		{
			"from": [4, 0, 7],
			"to": [12, 3, 9],
			"faces": {
				"north": {"uv": [4, 8, 12, 9], "texture": "#particle"},
				"south": {"uv": [4, 7, 12, 8], "texture": "#particle"},
				"up": {"uv": [4, 9, 12, 7], "texture": "#particle"},
				"down": {"uv": [4, 7, 12, 9], "texture": "#particle"}
			}
		},
		{
			"from": [6, 0, 6],
			"to": [10, 3, 10],
			"faces": {
				"north": {"uv": [9, 6, 10, 7], "rotation": 90, "texture": "#particle"},
				"east": {"uv": [9, 9, 10, 10], "rotation": 90, "texture": "#particle"},
				"south": {"uv": [6, 9, 7, 10], "rotation": 90, "texture": "#particle"},
				"west": {"uv": [6, 7, 7, 6], "rotation": 90, "texture": "#particle"},
				"up": {"uv": [6, 10, 10, 6], "texture": "#particle"},
				"down": {"uv": [6, 6, 10, 10], "texture": "#particle"}
			}
		}
	]
}