{
    "variants": {
        "distance=1": [
		{ "model": "block/pale_oak_leaves_bushy" }, 
		{ "model": "block/pale_oak_leaves_bushy1"}
		],
        "distance=2": [
		{ "model": "block/pale_oak_leaves_bushy" }, 
		{ "model": "block/pale_oak_leaves_bushy1"}
		],
        "distance=3": [
		{ "model": "block/pale_oak_leaves_bushy" }, 
		{ "model": "block/pale_oak_leaves_bushy1"}
		],
        "distance=4": [
		{ "model": "block/pale_oak_leaves_bushy" }, 
		{ "model": "block/pale_oak_leaves_bushy1"}
		],
        "distance=5": [
		{ "model": "block/pale_oak_leaves_bushy" }, 
		{ "model": "block/pale_oak_leaves_bushy1"}
		],
        "distance=6": [
		{ "model": "block/pale_oak_leaves_bushy" }, 
		{ "model": "block/pale_oak_leaves_bushy1"}
		],
        "distance=7": [
		{ "model": "block/pale_oak_leaves_bushy" }, 
		{ "model": "block/pale_oak_leaves_bushy1"}
		]
    }
}
