{
	"credit": "Bray was here :)",
	"parent": "block/block",
	"texture_size": [64, 64],
	"textures": {
		"chest": "item/trapped"
	},
	"elements": [
		{
			"name": "base",
			"from": [0.125, 0, 0.125],
			"to": [15.875, 11.25, 15.875],
			"rotation": {"angle": 0, "axis": "x", "origin": [8, 5.5625, 7.875]},
			"faces": {
				"north": {"uv": [10.5, 8.25, 14, 10.75], "rotation": 180, "texture": "#chest"},
				"east": {"uv": [0, 8.25, 3.5, 10.75], "rotation": 180, "texture": "#chest"},
				"south": {"uv": [3.5, 8.25, 7, 10.75], "rotation": 180, "texture": "#chest"},
				"west": {"uv": [7, 8.25, 10.5, 10.75], "rotation": 180, "texture": "#chest"},
				"up": {"uv": [10.5, 4.75, 7, 8.25], "texture": "#chest"},
				"down": {"uv": [7, 8.25, 3.5, 4.75], "texture": "#chest"}
			}
		},
		{
			"name": "knob",
			"from": [6.875, 7.8125, -0.95937],
			"to": [9.125, 12.3125, 0.16563],
			"rotation": {"angle": 0, "axis": "y", "origin": [8, 9.5, 5.625]},
			"faces": {
				"north": {"uv": [0.25, 0.25, 0.75, 1.25], "texture": "#chest"},
				"east": {"uv": [0, 0.25, 0.25, 1.25], "texture": "#chest"},
				"south": {"uv": [1, 0.25, 1.5, 1.25], "texture": "#chest"},
				"west": {"uv": [0.75, 0.25, 1, 1.25], "texture": "#chest"},
				"up": {"uv": [0.75, 0.25, 0.25, 0], "texture": "#chest"},
				"down": {"uv": [1.25, 0, 0.75, 0.25], "texture": "#chest"}
			}
		},
		{
			"name": "lid",
			"from": [0.125, 11.25, 0.125],
			"to": [15.875, 15.75, 15.875],
			"rotation": {"angle": 0, "axis": "x", "origin": [8, 9.5, 6.125]},
			"faces": {
				"north": {"uv": [10.5, 3.75, 14, 4.75], "rotation": 180, "texture": "#chest"},
				"east": {"uv": [0, 3.75, 3.5, 4.75], "rotation": 180, "texture": "#chest"},
				"south": {"uv": [3.5, 3.75, 7, 4.75], "rotation": 180, "texture": "#chest"},
				"west": {"uv": [7, 3.75, 10.5, 4.75], "rotation": 180, "texture": "#chest"},
				"up": {"uv": [10.5, 0, 7, 3.5], "texture": "#chest"},
				"down": {"uv": [7, 3.5, 3.5, 0], "texture": "#chest"}
			}
		}
	]
}