{
	"format_version": "1.21.6",
	"credit": "Made with Blockbench",
	"textures": {
		"2": "item/arrow_crossbow_full_model",
		"4": "item/crossbow_arrow",
		"particle": "item/crossbow_arrow"
	},
	"elements": [
		{
			"from": [1, 2, 7.5],
			"to": [3, 3, 8.5],
			"rotation": {"angle": 0, "axis": "y", "origin": [0, 2, 7.5]},
			"faces": {
				"north": {"uv": [3, 13, 1, 14], "texture": "#4", "cullface": "north"},
				"east": {"uv": [2, 13, 3, 14], "texture": "#4", "cullface": "east"},
				"south": {"uv": [1, 13, 3, 14], "texture": "#4", "cullface": "south"},
				"west": {"uv": [1, 13, 2, 14], "texture": "#4", "cullface": "west"},
				"up": {"uv": [1, 13, 3, 14], "texture": "#4", "cullface": "up"},
				"down": {"uv": [1, 13, 3, 14], "texture": "#4", "cullface": "down"}
			}
		},
		{
			"from": [0, 3, 7.5],
			"to": [3, 4, 8.5],
			"rotation": {"angle": 0, "axis": "y", "origin": [0, 3, 7.5]},
			"faces": {
				"north": {"uv": [3, 12, 0, 13], "texture": "#4", "cullface": "north"},
				"east": {"uv": [2, 12, 3, 13], "texture": "#4", "cullface": "east"},
				"south": {"uv": [0, 12, 3, 13], "texture": "#4", "cullface": "south"},
				"west": {"uv": [0, 12, 1, 13], "texture": "#4", "cullface": "west"},
				"up": {"uv": [0, 12, 3, 13], "texture": "#4", "cullface": "up"},
				"down": {"uv": [0, 12, 3, 13], "texture": "#4", "cullface": "down"}
			}
		},
		{
			"from": [1, 4, 7.5],
			"to": [3, 5, 8.5],
			"rotation": {"angle": 0, "axis": "y", "origin": [0, 4, 7.5]},
			"faces": {
				"north": {"uv": [3, 11, 1, 12], "texture": "#4", "cullface": "north"},
				"east": {"uv": [2, 11, 3, 12], "texture": "#4", "cullface": "east"},
				"south": {"uv": [1, 11, 3, 12], "texture": "#4", "cullface": "south"},
				"west": {"uv": [1, 11, 2, 12], "texture": "#4", "cullface": "west"},
				"up": {"uv": [1, 11, 3, 12], "texture": "#4", "cullface": "up"},
				"down": {"uv": [1, 11, 3, 12], "texture": "#4", "cullface": "down"}
			}
		},
		{
			"from": [1, 5, 7.5],
			"to": [3, 6, 8.5],
			"rotation": {"angle": 0, "axis": "y", "origin": [0, 5, 7.5]},
			"faces": {
				"north": {"uv": [3, 10, 1, 11], "texture": "#4", "cullface": "north"},
				"east": {"uv": [2, 10, 3, 11], "texture": "#4", "cullface": "east"},
				"south": {"uv": [1, 10, 3, 11], "texture": "#4", "cullface": "south"},
				"west": {"uv": [1, 10, 2, 11], "texture": "#4", "cullface": "west"},
				"up": {"uv": [1, 10, 3, 11], "texture": "#4", "cullface": "up"},
				"down": {"uv": [1, 10, 3, 11], "texture": "#4", "cullface": "down"}
			}
		},
		{
			"from": [1, 6, 7.5],
			"to": [4, 7, 8.5],
			"rotation": {"angle": 0, "axis": "y", "origin": [0, 6, 7.5]},
			"faces": {
				"north": {"uv": [4, 9, 1, 10], "texture": "#4", "cullface": "north"},
				"east": {"uv": [3, 9, 4, 10], "texture": "#4", "cullface": "east"},
				"south": {"uv": [1, 9, 4, 10], "texture": "#4", "cullface": "south"},
				"west": {"uv": [1, 9, 2, 10], "texture": "#4", "cullface": "west"},
				"up": {"uv": [1, 9, 4, 10], "texture": "#4", "cullface": "up"},
				"down": {"uv": [1, 9, 4, 10], "texture": "#4", "cullface": "down"}
			}
		},
		{
			"from": [1, 7, 7.5],
			"to": [4, 8, 8.5],
			"rotation": {"angle": 0, "axis": "y", "origin": [0, 7, 7.5]},
			"faces": {
				"north": {"uv": [4, 8, 1, 9], "texture": "#4", "cullface": "north"},
				"east": {"uv": [3, 8, 4, 9], "texture": "#4", "cullface": "east"},
				"south": {"uv": [1, 8, 4, 9], "texture": "#4", "cullface": "south"},
				"west": {"uv": [1, 8, 2, 9], "texture": "#4", "cullface": "west"},
				"up": {"uv": [1, 8, 4, 9], "texture": "#4", "cullface": "up"},
				"down": {"uv": [1, 8, 4, 9], "texture": "#4", "cullface": "down"}
			}
		},
		{
			"from": [2, 8, 7.5],
			"to": [11, 9, 8.5],
			"rotation": {"angle": 0, "axis": "y", "origin": [1, 8, 7.5]},
			"faces": {
				"north": {"uv": [11, 7, 2, 8], "texture": "#4", "cullface": "north"},
				"east": {"uv": [10, 7, 11, 8], "texture": "#4", "cullface": "east"},
				"south": {"uv": [2, 7, 11, 8], "texture": "#4", "cullface": "south"},
				"west": {"uv": [2, 7, 3, 8], "texture": "#4", "cullface": "west"},
				"up": {"uv": [2, 7, 11, 8], "texture": "#4", "cullface": "up"},
				"down": {"uv": [2, 7, 11, 8], "texture": "#4", "cullface": "down"}
			}
		},
		{
			"from": [2, 9, 7.5],
			"to": [10, 10, 8.5],
			"rotation": {"angle": 0, "axis": "y", "origin": [1, 9, 7.5]},
			"faces": {
				"north": {"uv": [10, 6, 2, 7], "texture": "#4", "cullface": "north"},
				"east": {"uv": [9, 6, 10, 7], "texture": "#4", "cullface": "east"},
				"south": {"uv": [2, 6, 10, 7], "texture": "#4", "cullface": "south"},
				"west": {"uv": [2, 6, 3, 7], "texture": "#4", "cullface": "west"},
				"up": {"uv": [2, 6, 10, 7], "texture": "#4", "cullface": "up"},
				"down": {"uv": [2, 6, 10, 7], "texture": "#4", "cullface": "down"}
			}
		},
		{
			"from": [3, 10, 7.5],
			"to": [9, 11, 8.5],
			"rotation": {"angle": 0, "axis": "y", "origin": [1, 10, 7.5]},
			"faces": {
				"north": {"uv": [9, 5, 3, 6], "texture": "#4", "cullface": "north"},
				"east": {"uv": [8, 5, 9, 6], "texture": "#4", "cullface": "east"},
				"south": {"uv": [3, 5, 9, 6], "texture": "#4", "cullface": "south"},
				"west": {"uv": [3, 5, 4, 6], "texture": "#4", "cullface": "west"},
				"up": {"uv": [3, 5, 9, 6], "texture": "#4", "cullface": "up"},
				"down": {"uv": [3, 5, 9, 6], "texture": "#4", "cullface": "down"}
			}
		},
		{
			"from": [4, 11, 7.5],
			"to": [8, 12, 8.5],
			"rotation": {"angle": 0, "axis": "y", "origin": [1, 11, 7.5]},
			"faces": {
				"north": {"uv": [8, 4, 4, 5], "texture": "#4", "cullface": "north"},
				"east": {"uv": [7, 4, 8, 5], "texture": "#4", "cullface": "east"},
				"south": {"uv": [4, 4, 8, 5], "texture": "#4", "cullface": "south"},
				"west": {"uv": [4, 4, 5, 5], "texture": "#4", "cullface": "west"},
				"up": {"uv": [4, 4, 8, 5], "texture": "#4", "cullface": "up"},
				"down": {"uv": [4, 4, 8, 5], "texture": "#4", "cullface": "down"}
			}
		},
		{
			"from": [5, 12, 7.5],
			"to": [11, 13, 8.5],
			"rotation": {"angle": 0, "axis": "y", "origin": [2, 12, 7.5]},
			"faces": {
				"north": {"uv": [11, 3, 5, 4], "texture": "#4", "cullface": "north"},
				"east": {"uv": [10, 3, 11, 4], "texture": "#4", "cullface": "east"},
				"south": {"uv": [5, 3, 11, 4], "texture": "#4", "cullface": "south"},
				"west": {"uv": [5, 3, 6, 4], "texture": "#4", "cullface": "west"},
				"up": {"uv": [5, 3, 11, 4], "texture": "#4", "cullface": "up"},
				"down": {"uv": [5, 3, 11, 4], "texture": "#4", "cullface": "down"}
			}
		},
		{
			"from": [6, 13, 7.5],
			"to": [14, 14, 8.5],
			"rotation": {"angle": 0, "axis": "y", "origin": [3, 13, 7.5]},
			"faces": {
				"north": {"uv": [14, 2, 6, 3], "texture": "#4", "cullface": "north"},
				"east": {"uv": [13, 2, 14, 3], "texture": "#4", "cullface": "east"},
				"south": {"uv": [6, 2, 14, 3], "texture": "#4", "cullface": "south"},
				"west": {"uv": [6, 2, 7, 3], "texture": "#4", "cullface": "west"},
				"up": {"uv": [6, 2, 14, 3], "texture": "#4", "cullface": "up"},
				"down": {"uv": [6, 2, 14, 3], "texture": "#4", "cullface": "down"}
			}
		},
		{
			"from": [8, 14, 7.5],
			"to": [14, 15, 8.5],
			"rotation": {"angle": 0, "axis": "y", "origin": [5, 14, 7.5]},
			"faces": {
				"north": {"uv": [14, 1, 8, 2], "texture": "#4", "cullface": "north"},
				"east": {"uv": [13, 1, 14, 2], "texture": "#4", "cullface": "east"},
				"south": {"uv": [8, 1, 14, 2], "texture": "#4", "cullface": "south"},
				"west": {"uv": [8, 1, 9, 2], "texture": "#4", "cullface": "west"},
				"up": {"uv": [8, 1, 14, 2], "texture": "#4", "cullface": "up"},
				"down": {"uv": [8, 1, 14, 2], "texture": "#4", "cullface": "down"}
			}
		},
		{
			"from": [12, 15, 7.5],
			"to": [13, 16, 8.5],
			"rotation": {"angle": 0, "axis": "y", "origin": [5, 15, 7.5]},
			"faces": {
				"north": {"uv": [12, 0, 13, 1], "texture": "#4", "cullface": "west"},
				"east": {"uv": [12, 0, 13, 1], "texture": "#4", "cullface": "west"},
				"south": {"uv": [12, 0, 13, 1], "texture": "#4", "cullface": "west"},
				"west": {"uv": [12, 0, 13, 1], "texture": "#4", "cullface": "west"},
				"up": {"uv": [12, 0, 13, 1], "texture": "#4", "cullface": "west"},
				"down": {"uv": [12, 0, 13, 1], "texture": "#4", "cullface": "west"}
			}
		},
		{
			"from": [2, 11, 7.5],
			"to": [3, 12, 8.5],
			"rotation": {"angle": 0, "axis": "y", "origin": [-5, 11, 7.5]},
			"faces": {
				"north": {"uv": [3, 4, 2, 5], "texture": "#4", "cullface": "west"},
				"east": {"uv": [2, 4, 3, 5], "texture": "#4", "cullface": "west"},
				"south": {"uv": [2, 4, 3, 5], "texture": "#4", "cullface": "west"},
				"west": {"uv": [2, 4, 3, 5], "texture": "#4", "cullface": "west"},
				"up": {"uv": [2, 4, 3, 5], "texture": "#4", "cullface": "west"},
				"down": {"uv": [2, 4, 3, 5], "texture": "#4", "cullface": "west"}
			}
		},
		{
			"from": [3, 3, 7.5],
			"to": [9, 4, 8.5],
			"rotation": {"angle": 0, "axis": "y", "origin": [-4, 3, 7.5]},
			"faces": {
				"north": {"uv": [9, 12, 3, 13], "texture": "#4", "cullface": "west"},
				"east": {"uv": [8, 12, 9, 13], "texture": "#4", "cullface": "west"},
				"south": {"uv": [3, 12, 9, 13], "texture": "#4", "cullface": "west"},
				"west": {"uv": [3, 12, 4, 13], "texture": "#4", "cullface": "west"},
				"up": {"uv": [3, 12, 9, 13], "texture": "#4", "cullface": "west"},
				"down": {"uv": [3, 12, 9, 13], "texture": "#4", "cullface": "west"}
			}
		},
		{
			"from": [12, 12, 7.5],
			"to": [13, 13, 8.5],
			"rotation": {"angle": 0, "axis": "y", "origin": [5, 12, 7.5]},
			"faces": {
				"north": {"uv": [13, 3, 12, 4], "texture": "#4", "cullface": "west"},
				"east": {"uv": [12, 3, 13, 4], "texture": "#4", "cullface": "west"},
				"south": {"uv": [12, 3, 13, 4], "texture": "#4", "cullface": "west"},
				"west": {"uv": [12, 3, 13, 4], "texture": "#4", "cullface": "west"},
				"up": {"uv": [12, 3, 13, 4], "texture": "#4", "cullface": "west"},
				"down": {"uv": [12, 3, 13, 4], "texture": "#4", "cullface": "west"}
			}
		},
		{
			"from": [12, 11, 7.5],
			"to": [13, 12, 8.5],
			"rotation": {"angle": 0, "axis": "y", "origin": [5, 11, 7.5]},
			"faces": {
				"north": {"uv": [13, 4, 12, 5], "texture": "#4", "cullface": "west"},
				"east": {"uv": [12, 4, 13, 5], "texture": "#4", "cullface": "west"},
				"south": {"uv": [12, 4, 13, 5], "texture": "#4", "cullface": "west"},
				"west": {"uv": [12, 4, 13, 5], "texture": "#4", "cullface": "west"},
				"up": {"uv": [12, 4, 13, 5], "texture": "#4", "cullface": "west"},
				"down": {"uv": [12, 4, 13, 5], "texture": "#4", "cullface": "west"}
			}
		},
		{
			"from": [12, 10, 7.5],
			"to": [13, 11, 8.5],
			"rotation": {"angle": 0, "axis": "y", "origin": [5, 10, 7.5]},
			"faces": {
				"north": {"uv": [13, 5, 12, 6], "texture": "#4", "cullface": "west"},
				"east": {"uv": [12, 5, 13, 6], "texture": "#4", "cullface": "west"},
				"south": {"uv": [12, 5, 13, 6], "texture": "#4", "cullface": "west"},
				"west": {"uv": [12, 5, 13, 6], "texture": "#4", "cullface": "west"},
				"up": {"uv": [12, 5, 13, 6], "texture": "#4", "cullface": "west"},
				"down": {"uv": [12, 5, 13, 6], "texture": "#4", "cullface": "west"}
			}
		},
		{
			"from": [12, 9, 7.5],
			"to": [13, 10, 8.5],
			"rotation": {"angle": 0, "axis": "y", "origin": [5, 9, 7.5]},
			"faces": {
				"north": {"uv": [13, 6, 12, 7], "texture": "#4", "cullface": "west"},
				"east": {"uv": [12, 6, 13, 7], "texture": "#4", "cullface": "west"},
				"south": {"uv": [12, 6, 13, 7], "texture": "#4", "cullface": "west"},
				"west": {"uv": [12, 6, 13, 7], "texture": "#4", "cullface": "west"},
				"up": {"uv": [12, 6, 13, 7], "texture": "#4", "cullface": "west"},
				"down": {"uv": [12, 6, 13, 7], "texture": "#4", "cullface": "west"}
			}
		},
		{
			"from": [12, 8, 7.5],
			"to": [13, 9, 8.5],
			"rotation": {"angle": 0, "axis": "y", "origin": [5, 8, 7.5]},
			"faces": {
				"north": {"uv": [13, 7, 12, 8], "texture": "#4", "cullface": "west"},
				"east": {"uv": [12, 7, 13, 8], "texture": "#4", "cullface": "west"},
				"south": {"uv": [12, 7, 13, 8], "texture": "#4", "cullface": "west"},
				"west": {"uv": [12, 7, 13, 8], "texture": "#4", "cullface": "west"},
				"up": {"uv": [12, 7, 13, 8], "texture": "#4", "cullface": "west"},
				"down": {"uv": [12, 7, 13, 8], "texture": "#4", "cullface": "west"}
			}
		},
		{
			"from": [12, 7, 7.5],
			"to": [13, 8, 8.5],
			"rotation": {"angle": 0, "axis": "y", "origin": [5, 7, 7.5]},
			"faces": {
				"north": {"uv": [13, 8, 12, 9], "texture": "#4", "cullface": "west"},
				"east": {"uv": [12, 8, 13, 9], "texture": "#4", "cullface": "west"},
				"south": {"uv": [12, 8, 13, 9], "texture": "#4", "cullface": "west"},
				"west": {"uv": [12, 8, 13, 9], "texture": "#4", "cullface": "west"},
				"up": {"uv": [12, 8, 13, 9], "texture": "#4", "cullface": "west"},
				"down": {"uv": [12, 8, 13, 9], "texture": "#4", "cullface": "west"}
			}
		},
		{
			"from": [2, 12, 7.5],
			"to": [3, 13, 8.5],
			"rotation": {"angle": 0, "axis": "y", "origin": [-5, 12, 7.5]},
			"faces": {
				"north": {"uv": [3, 3, 2, 4], "texture": "#4", "cullface": "west"},
				"east": {"uv": [2, 3, 3, 4], "texture": "#4", "cullface": "west"},
				"south": {"uv": [2, 3, 3, 4], "texture": "#4", "cullface": "west"},
				"west": {"uv": [2, 3, 3, 4], "texture": "#4", "cullface": "west"},
				"up": {"uv": [2, 3, 3, 4], "texture": "#4", "cullface": "west"},
				"down": {"uv": [2, 3, 3, 4], "texture": "#4", "cullface": "west"}
			}
		},
		{
			"from": [3, 13, 7.5],
			"to": [5, 14, 8.5],
			"rotation": {"angle": 0, "axis": "y", "origin": [-4, 13, 7.5]},
			"faces": {
				"north": {"uv": [5, 2, 3, 3], "texture": "#4", "cullface": "west"},
				"east": {"uv": [4, 2, 5, 3], "texture": "#4", "cullface": "west"},
				"south": {"uv": [3, 2, 5, 3], "texture": "#4", "cullface": "west"},
				"west": {"uv": [3, 2, 4, 3], "texture": "#4", "cullface": "west"},
				"up": {"uv": [3, 2, 5, 3], "texture": "#4", "cullface": "west"},
				"down": {"uv": [3, 2, 5, 3], "texture": "#4", "cullface": "west"}
			}
		},
		{
			"from": [5, 7, 7.5],
			"to": [12, 8, 8.5],
			"rotation": {"angle": 0, "axis": "y", "origin": [2, 7, 7.5]},
			"faces": {
				"north": {"uv": [12, 8, 5, 9], "texture": "#4", "cullface": "north"},
				"east": {"uv": [11, 8, 12, 9], "texture": "#4", "cullface": "east"},
				"south": {"uv": [5, 8, 12, 9], "texture": "#4", "cullface": "south"},
				"west": {"uv": [5, 8, 6, 9], "texture": "#4", "cullface": "west"},
				"up": {"uv": [5, 8, 12, 9], "texture": "#4", "cullface": "up"},
				"down": {"uv": [5, 8, 12, 9], "texture": "#4", "cullface": "down"}
			}
		},
		{
			"from": [6, 6, 7.5],
			"to": [13, 7, 8.5],
			"rotation": {"angle": 0, "axis": "y", "origin": [3, 6, 7.5]},
			"faces": {
				"north": {"uv": [13, 9, 6, 10], "texture": "#4", "cullface": "north"},
				"east": {"uv": [12, 9, 13, 10], "texture": "#4", "cullface": "east"},
				"south": {"uv": [6, 9, 13, 10], "texture": "#4", "cullface": "south"},
				"west": {"uv": [6, 9, 7, 10], "texture": "#4", "cullface": "west"},
				"up": {"uv": [6, 9, 13, 10], "texture": "#4", "cullface": "up"},
				"down": {"uv": [6, 9, 13, 10], "texture": "#4", "cullface": "down"}
			}
		},
		{
			"from": [7, 5, 7.5],
			"to": [13, 6, 8.5],
			"rotation": {"angle": 0, "axis": "y", "origin": [4, 5, 7.5]},
			"faces": {
				"north": {"uv": [13, 10, 7, 11], "texture": "#4", "cullface": "north"},
				"east": {"uv": [12, 10, 13, 11], "texture": "#4", "cullface": "east"},
				"south": {"uv": [7, 10, 13, 11], "texture": "#4", "cullface": "south"},
				"west": {"uv": [7, 10, 8, 11], "texture": "#4", "cullface": "west"},
				"up": {"uv": [7, 10, 13, 11], "texture": "#4", "cullface": "up"},
				"down": {"uv": [7, 10, 13, 11], "texture": "#4", "cullface": "down"}
			}
		},
		{
			"from": [8, 4, 7.5],
			"to": [14, 5, 8.5],
			"rotation": {"angle": 0, "axis": "y", "origin": [5, 4, 7.5]},
			"faces": {
				"north": {"uv": [14, 11, 8, 12], "texture": "#4", "cullface": "north"},
				"east": {"uv": [13, 11, 14, 12], "texture": "#4", "cullface": "east"},
				"south": {"uv": [8, 11, 14, 12], "texture": "#4", "cullface": "south"},
				"west": {"uv": [8, 11, 9, 12], "texture": "#4", "cullface": "west"},
				"up": {"uv": [8, 11, 14, 12], "texture": "#4", "cullface": "up"},
				"down": {"uv": [8, 11, 14, 12], "texture": "#4", "cullface": "down"}
			}
		},
		{
			"from": [9, 3, 7.5],
			"to": [15, 4, 8.5],
			"rotation": {"angle": 0, "axis": "y", "origin": [6, 3, 7.5]},
			"faces": {
				"north": {"uv": [15, 12, 9, 13], "texture": "#4", "cullface": "north"},
				"east": {"uv": [14, 12, 15, 13], "texture": "#4", "cullface": "east"},
				"south": {"uv": [9, 12, 15, 13], "texture": "#4", "cullface": "south"},
				"west": {"uv": [9, 12, 10, 13], "texture": "#4", "cullface": "west"},
				"up": {"uv": [9, 12, 15, 13], "texture": "#4", "cullface": "up"},
				"down": {"uv": [9, 12, 15, 13], "texture": "#4", "cullface": "down"}
			}
		},
		{
			"from": [11, 2, 7.5],
			"to": [16, 3, 8.5],
			"rotation": {"angle": 0, "axis": "y", "origin": [7, 2, 7.5]},
			"faces": {
				"north": {"uv": [16, 13, 11, 14], "texture": "#4", "cullface": "north"},
				"east": {"uv": [15, 13, 16, 14], "texture": "#4", "cullface": "east"},
				"south": {"uv": [11, 13, 16, 14], "texture": "#4", "cullface": "south"},
				"west": {"uv": [11, 13, 12, 14], "texture": "#4", "cullface": "west"},
				"up": {"uv": [11, 13, 16, 14], "texture": "#4", "cullface": "up"},
				"down": {"uv": [11, 13, 16, 14], "texture": "#4", "cullface": "down"}
			}
		},
		{
			"from": [12, 1, 7.5],
			"to": [16, 2, 8.5],
			"rotation": {"angle": 0, "axis": "y", "origin": [7, 1, 7.5]},
			"faces": {
				"north": {"uv": [16, 14, 12, 15], "texture": "#4", "cullface": "north"},
				"east": {"uv": [15, 14, 16, 15], "texture": "#4", "cullface": "east"},
				"south": {"uv": [12, 14, 16, 15], "texture": "#4", "cullface": "south"},
				"west": {"uv": [12, 14, 13, 15], "texture": "#4", "cullface": "west"},
				"up": {"uv": [12, 14, 16, 15], "texture": "#4", "cullface": "up"},
				"down": {"uv": [12, 14, 16, 15], "texture": "#4", "cullface": "down"}
			}
		},
		{
			"from": [13, 0, 7.5],
			"to": [15, 1, 8.5],
			"rotation": {"angle": 0, "axis": "y", "origin": [7, 0, 7.5]},
			"faces": {
				"north": {"uv": [15, 15, 13, 16], "texture": "#4", "cullface": "north"},
				"east": {"uv": [14, 15, 15, 16], "texture": "#4", "cullface": "east"},
				"south": {"uv": [13, 15, 15, 16], "texture": "#4", "cullface": "south"},
				"west": {"uv": [13, 15, 14, 16], "texture": "#4", "cullface": "west"},
				"up": {"uv": [13, 15, 15, 16], "texture": "#4", "cullface": "up"},
				"down": {"uv": [13, 15, 15, 16], "texture": "#4", "cullface": "down"}
			}
		},
		{
			"from": [6, 8, 8.5],
			"to": [9, 9, 9.5],
			"rotation": {"angle": 0, "axis": "y", "origin": [4, 8, 8.5]},
			"faces": {
				"north": {"uv": [8, 6, 5, 7], "texture": "#2", "cullface": "north"},
				"east": {"uv": [7, 6, 8, 7], "texture": "#2", "cullface": "east"},
				"south": {"uv": [5, 6, 8, 7], "texture": "#2", "cullface": "south"},
				"west": {"uv": [5, 6, 6, 7], "texture": "#2", "cullface": "west"},
				"up": {"uv": [5, 6, 8, 7], "texture": "#2", "cullface": "up"},
				"down": {"uv": [5, 6, 8, 7], "texture": "#2", "cullface": "down"}
			}
		},
		{
			"from": [7, 7, 8.5],
			"to": [10, 8, 9.5],
			"rotation": {"angle": 0, "axis": "y", "origin": [5, 7, 8.5]},
			"faces": {
				"north": {"uv": [9, 7, 6, 8], "texture": "#2", "cullface": "north"},
				"east": {"uv": [8, 7, 9, 8], "texture": "#2", "cullface": "east"},
				"south": {"uv": [6, 7, 9, 8], "texture": "#2", "cullface": "south"},
				"west": {"uv": [6, 7, 7, 8], "texture": "#2", "cullface": "west"},
				"up": {"uv": [6, 7, 9, 8], "texture": "#2", "cullface": "up"},
				"down": {"uv": [6, 7, 9, 8], "texture": "#2", "cullface": "down"}
			}
		},
		{
			"from": [8, 6, 8.5],
			"to": [11, 7, 9.5],
			"rotation": {"angle": 0, "axis": "y", "origin": [6, 6, 8.5]},
			"faces": {
				"north": {"uv": [10, 8, 7, 9], "texture": "#2", "cullface": "north"},
				"east": {"uv": [9, 8, 10, 9], "texture": "#2", "cullface": "east"},
				"south": {"uv": [7, 8, 10, 9], "texture": "#2", "cullface": "south"},
				"west": {"uv": [7, 8, 8, 9], "texture": "#2", "cullface": "west"},
				"up": {"uv": [7, 8, 10, 9], "texture": "#2", "cullface": "up"},
				"down": {"uv": [7, 8, 10, 9], "texture": "#2", "cullface": "down"}
			}
		},
		{
			"from": [10, 2, 8.5],
			"to": [16, 3, 9.5],
			"rotation": {"angle": 0, "axis": "y", "origin": [9, 2, 8.5]},
			"faces": {
				"north": {"uv": [15, 12, 9, 13], "texture": "#2", "cullface": "north"},
				"east": {"uv": [14, 12, 15, 13], "texture": "#2", "cullface": "east"},
				"south": {"uv": [9, 12, 15, 13], "texture": "#2", "cullface": "south"},
				"west": {"uv": [9, 12, 10, 13], "texture": "#2", "cullface": "west"},
				"up": {"uv": [9, 12, 15, 13], "texture": "#2", "cullface": "up"},
				"down": {"uv": [9, 12, 15, 13], "texture": "#2", "cullface": "down"}
			}
		},
		{
			"from": [11, 1, 8.5],
			"to": [14, 2, 9.5],
			"rotation": {"angle": 0, "axis": "y", "origin": [9, 1, 8.5]},
			"faces": {
				"north": {"uv": [13, 13, 10, 14], "texture": "#2", "cullface": "north"},
				"east": {"uv": [12, 13, 13, 14], "texture": "#2", "cullface": "east"},
				"south": {"uv": [10, 13, 13, 14], "texture": "#2", "cullface": "south"},
				"west": {"uv": [10, 13, 11, 14], "texture": "#2", "cullface": "west"},
				"up": {"uv": [10, 13, 13, 14], "texture": "#2", "cullface": "up"},
				"down": {"uv": [10, 13, 13, 14], "texture": "#2", "cullface": "down"}
			}
		},
		{
			"from": [12, 0, 8.5],
			"to": [14, 1, 9.5],
			"rotation": {"angle": 0, "axis": "y", "origin": [9, 0, 8.5]},
			"faces": {
				"north": {"uv": [13, 14, 11, 15], "texture": "#2", "cullface": "north"},
				"east": {"uv": [12, 14, 13, 15], "texture": "#2", "cullface": "east"},
				"south": {"uv": [11, 14, 13, 15], "texture": "#2", "cullface": "south"},
				"west": {"uv": [11, 14, 12, 15], "texture": "#2", "cullface": "west"},
				"up": {"uv": [11, 14, 13, 15], "texture": "#2", "cullface": "up"},
				"down": {"uv": [11, 14, 13, 15], "texture": "#2", "cullface": "down"}
			}
		},
		{
			"from": [4, 8, 8.5],
			"to": [5, 9, 9.5],
			"rotation": {"angle": 0, "axis": "y", "origin": [1, 8, 8.5]},
			"faces": {
				"north": {"uv": [4, 6, 3, 7], "texture": "#2", "cullface": "north"},
				"east": {"uv": [3, 6, 4, 7], "texture": "#2", "cullface": "east"},
				"south": {"uv": [3, 6, 4, 7], "texture": "#2", "cullface": "south"},
				"west": {"uv": [3, 6, 4, 7], "texture": "#2", "cullface": "west"},
				"up": {"uv": [3, 6, 4, 7], "texture": "#2", "cullface": "up"},
				"down": {"uv": [3, 6, 4, 7], "texture": "#2", "cullface": "down"}
			}
		},
		{
			"from": [9, 5, 8.5],
			"to": [14, 6, 9.5],
			"rotation": {"angle": 0, "axis": "y", "origin": [7, 5, 8.5]},
			"faces": {
				"north": {"uv": [13, 9, 8, 10], "texture": "#2", "cullface": "north"},
				"east": {"uv": [12, 9, 13, 10], "texture": "#2", "cullface": "east"},
				"south": {"uv": [8, 9, 13, 10], "texture": "#2", "cullface": "south"},
				"west": {"uv": [8, 9, 9, 10], "texture": "#2", "cullface": "west"},
				"up": {"uv": [8, 9, 13, 10], "texture": "#2", "cullface": "up"},
				"down": {"uv": [8, 9, 13, 10], "texture": "#2", "cullface": "down"}
			}
		},
		{
			"from": [10, 4, 8.5],
			"to": [15, 5, 9.5],
			"rotation": {"angle": 0, "axis": "y", "origin": [8, 4, 8.5]},
			"faces": {
				"north": {"uv": [14, 10, 9, 11], "texture": "#2", "cullface": "north"},
				"east": {"uv": [13, 10, 14, 11], "texture": "#2", "cullface": "east"},
				"south": {"uv": [9, 10, 14, 11], "texture": "#2", "cullface": "south"},
				"west": {"uv": [9, 10, 10, 11], "texture": "#2", "cullface": "west"},
				"up": {"uv": [9, 10, 14, 11], "texture": "#2", "cullface": "up"},
				"down": {"uv": [9, 10, 14, 11], "texture": "#2", "cullface": "down"}
			}
		},
		{
			"from": [10, 3, 8.5],
			"to": [16, 4, 9.5],
			"rotation": {"angle": 0, "axis": "y", "origin": [8, 3, 8.5]},
			"faces": {
				"north": {"uv": [15, 11, 9, 12], "texture": "#2", "cullface": "north"},
				"east": {"uv": [14, 11, 15, 12], "texture": "#2", "cullface": "east"},
				"south": {"uv": [9, 11, 15, 12], "texture": "#2", "cullface": "south"},
				"west": {"uv": [9, 11, 10, 12], "texture": "#2", "cullface": "west"},
				"up": {"uv": [9, 11, 15, 12], "texture": "#2", "cullface": "up"},
				"down": {"uv": [9, 11, 15, 12], "texture": "#2", "cullface": "down"}
			}
		},
		{
			"from": [3, 9, 8.5],
			"to": [8, 10, 9.5],
			"rotation": {"angle": 0, "axis": "y", "origin": [3, 9, 8.5]},
			"faces": {
				"north": {"uv": [7, 5, 2, 6], "texture": "#2", "cullface": "north"},
				"east": {"uv": [6, 5, 7, 6], "texture": "#2", "cullface": "east"},
				"south": {"uv": [2, 5, 7, 6], "texture": "#2", "cullface": "south"},
				"west": {"uv": [2, 5, 3, 6], "texture": "#2", "cullface": "west"},
				"up": {"uv": [2, 5, 7, 6], "texture": "#2", "cullface": "up"},
				"down": {"uv": [2, 5, 7, 6], "texture": "#2", "cullface": "down"}
			}
		},
		{
			"from": [3, 10, 8.5],
			"to": [7, 11, 9.5],
			"rotation": {"angle": 0, "axis": "y", "origin": [3, 10, 8.5]},
			"faces": {
				"north": {"uv": [6, 4, 2, 5], "texture": "#2", "cullface": "north"},
				"east": {"uv": [5, 4, 6, 5], "texture": "#2", "cullface": "east"},
				"south": {"uv": [2, 4, 6, 5], "texture": "#2", "cullface": "south"},
				"west": {"uv": [2, 4, 3, 5], "texture": "#2", "cullface": "west"},
				"up": {"uv": [2, 4, 6, 5], "texture": "#2", "cullface": "up"},
				"down": {"uv": [2, 4, 6, 5], "texture": "#2", "cullface": "down"}
			}
		},
		{
			"from": [2, 11, 8.5],
			"to": [8, 12, 9.5],
			"rotation": {"angle": 0, "axis": "y", "origin": [2, 11, 8.5]},
			"faces": {
				"north": {"uv": [7, 3, 1, 4], "texture": "#2", "cullface": "north"},
				"east": {"uv": [6, 3, 7, 4], "texture": "#2", "cullface": "east"},
				"south": {"uv": [1, 3, 7, 4], "texture": "#2", "cullface": "south"},
				"west": {"uv": [1, 3, 2, 4], "texture": "#2", "cullface": "west"},
				"up": {"uv": [1, 3, 7, 4], "texture": "#2", "cullface": "up"},
				"down": {"uv": [1, 3, 7, 4], "texture": "#2", "cullface": "down"}
			}
		},
		{
			"from": [2, 12, 8.5],
			"to": [7, 13, 9.5],
			"rotation": {"angle": 0, "axis": "y", "origin": [2, 12, 8.5]},
			"faces": {
				"north": {"uv": [6, 2, 1, 3], "texture": "#2", "cullface": "north"},
				"east": {"uv": [5, 2, 6, 3], "texture": "#2", "cullface": "east"},
				"south": {"uv": [1, 2, 6, 3], "texture": "#2", "cullface": "south"},
				"west": {"uv": [1, 2, 2, 3], "texture": "#2", "cullface": "west"},
				"up": {"uv": [1, 2, 6, 3], "texture": "#2", "cullface": "up"},
				"down": {"uv": [1, 2, 6, 3], "texture": "#2", "cullface": "down"}
			}
		},
		{
			"from": [2, 13, 8.5],
			"to": [5, 14, 9.5],
			"rotation": {"angle": 0, "axis": "y", "origin": [2, 13, 8.5]},
			"faces": {
				"north": {"uv": [4, 1, 1, 2], "texture": "#2", "cullface": "north"},
				"east": {"uv": [3, 1, 4, 2], "texture": "#2", "cullface": "east"},
				"south": {"uv": [1, 1, 4, 2], "texture": "#2", "cullface": "south"},
				"west": {"uv": [1, 1, 2, 2], "texture": "#2", "cullface": "west"},
				"up": {"uv": [1, 1, 4, 2], "texture": "#2", "cullface": "up"},
				"down": {"uv": [1, 1, 4, 2], "texture": "#2", "cullface": "down"}
			}
		}
	],
	"gui_light": "front",
	"display": {
		"thirdperson_righthand": {
			"rotation": [-90, 0, -60],
			"translation": [2, 0.1, -3],
			"scale": [0.9, 0.9, 0.9]
		},
		"thirdperson_lefthand": {
			"rotation": [-90, 0, 30],
			"translation": [2, 0.1, -3],
			"scale": [0.9, 0.9, 0.9]
		},
		"firstperson_righthand": {
			"rotation": [-90, 0, -55],
			"translation": [1.13, 3.2, 1.13],
			"scale": [0.68, 0.68, 0.68]
		},
		"firstperson_lefthand": {
			"rotation": [-90, 0, 35],
			"translation": [1.13, 3.2, 1.13],
			"scale": [0.68, 0.68, 0.68]
		},
		"ground": {
			"translation": [0, 2, 0],
			"scale": [0.5, 0.5, 0.5]
		}
	},
	"groups": [
		{
			"name": "model",
			"origin": [3, 6, 7.5],
			"color": 0,
			"children": [0, 1, 2, 3, 4, 5, 6, 7, 8, 9, 10, 11, 12, 13, 14, 15, 16, 17, 18, 19, 20, 21, 22, 23, 24, 25, 26, 27, 28, 29, 30, 31]
		},
		{
			"name": "arrow",
			"origin": [0, 0, 0],
			"color": 0,
			"children": [32, 33, 34, 35, 36, 37, 38, 39, 40, 41, 42, 43, 44, 45, 46]
		}
	]
}